{
    "camera": {
        "fov": 50,
        "position": [
            4.311938285827637,
            3.503756046295166,
            5.840236663818359
        ],
        "target": [
            0.25499454086717416,
            0.33657614736428254,
            0.30337405131616
        ],
        "startAnim": "none",
        "animTrack": null
    },
    "background": {
        "color": [
            0,
            0,
            0
        ]
    },
    "animTracks": []
}